t,p,q,d,b,a
2024-02-15,13350.0,54800.0,-54800.0,54800.0,0.0
2024-02-15,13400.0,859600.0,-184800.0,522200.0,337400.0
2024-02-15,13450.0,382200.0,14200.0,184000.0,198200.0
2024-02-15,13500.0,30800.0,30800.0,0.0,30800.0
2024-02-16,13350.0,17600.0,-17600.0,17600.0,0.0
2024-02-16,13400.0,40000.0,-19600.0,29800.0,10200.0
2024-02-16,13450.0,1175400.0,-325600.0,750500.0,424900.0
2024-02-16,13500.0,259200.0,259200.0,0.0,259200.0
2024-02-19,13450.0,6000.0,-6000.0,6000.0,0.0
2024-02-19,13500.0,939100.0,-290500.0,614800.0,324300.0
2024-02-19,13550.0,258000.0,257600.0,200.0,257800.0
2024-02-19,13600.0,516900.0,61700.0,227600.0,289300.0
2024-02-19,13650.0,1455200.0,-107000.0,781100.0,674100.0
2024-02-19,13700.0,483500.0,406500.0,38500.0,445000.0
2024-02-20,13500.0,10600.0,-10600.0,10600.0,0.0
2024-02-20,13550.0,199700.0,-199700.0,199700.0,0.0
2024-02-20,13600.0,1072600.0,60000.0,506300.0,566300.0
2024-02-20,13650.0,388300.0,198900.0,94700.0,293600.0
2024-02-20,13700.0,154300.0,-53700.0,104000.0,50300.0
2024-02-20,13750.0,13200.0,13200.0,0.0,13200.0
2024-02-21,13450.0,200.0,-200.0,200.0,0.0
2024-02-21,13500.0,671500.0,-633500.0,652500.0,19000.0
2024-02-21,13550.0,673000.0,-207600.0,440300.0,232700.0
2024-02-21,13600.0,601700.0,32500.0,284600.0,317100.0
2024-02-21,13650.0,21400.0,21400.0,0.0,21400.0
2024-02-22,13450.0,14900.0,-14900.0,14900.0,0.0
2024-02-22,13500.0,202000.0,-62000.0,132000.0,70000.0
2024-02-22,13550.0,343300.0,-179500.0,261400.0,81900.0
2024-02-22,13600.0,182200.0,182200.0,0.0,182200.0
2024-02-22,13650.0,112900.0,112900.0,0.0,112900.0
2024-02-22,13700.0,227000.0,227000.0,0.0,227000.0
2024-02-22,13750.0,185000.0,70400.0,57300.0,127700.0
2024-02-22,13800.0,1263800.0,-227600.0,745700.0,518100.0
2024-02-22,13850.0,2344100.0,720100.0,812000.0,1532100.0
2024-02-22,13900.0,1006900.0,548100.0,229400.0,777500.0
2024-02-22,13950.0,226800.0,132400.0,47200.0,179600.0
2024-02-22,14000.0,266300.0,266300.0,0.0,266300.0
2024-02-22,14050.0,7000.0,7000.0,0.0,7000.0
2024-02-23,13400.0,130400.0,-130400.0,130400.0,0.0
2024-02-23,13450.0,230000.0,-201600.0,215800.0,14200.0
2024-02-23,13500.0,387900.0,-225700.0,306800.0,81100.0
2024-02-23,13550.0,306000.0,-106600.0,206300.0,99700.0
2024-02-23,13600.0,253400.0,-132000.0,192700.0,60700.0
2024-02-23,13650.0,263200.0,-41800.0,152500.0,110700.0
2024-02-23,13700.0,433300.0,-425900.0,429600.0,3700.0
2024-02-23,13750.0,796300.0,162300.0,317000.0,479300.0
2024-02-23,13800.0,672900.0,-225500.0,449200.0,223700.0
2024-02-23,13850.0,249800.0,19600.0,115100.0,134700.0
2024-02-23,13900.0,235400.0,174200.0,30600.0,204800.0
2024-02-26,13250.0,74200.0,-74200.0,74200.0,0.0
2024-02-26,13300.0,336600.0,-172000.0,254300.0,82300.0
2024-02-26,13350.0,484600.0,-238200.0,361400.0,123200.0
2024-02-26,13400.0,1151800.0,29600.0,561100.0,590700.0
2024-02-26,13450.0,327200.0,234400.0,46400.0,280800.0
2024-02-26,13500.0,24400.0,24400.0,0.0,24400.0
2024-02-27,13300.0,4900.0,-4900.0,4900.0,0.0
2024-02-27,13350.0,239900.0,-239900.0,239900.0,0.0
2024-02-27,13400.0,1690100.0,-442900.0,1066500.0,623600.0
2024-02-27,13450.0,832100.0,489900.0,171100.0,661000.0
2024-02-27,13500.0,157700.0,157700.0,0.0,157700.0
2024-02-28,13350.0,283300.0,-283300.0,283300.0,0.0
2024-02-28,13400.0,1372900.0,-556700.0,964800.0,408100.0
2024-02-28,13450.0,1330800.0,292000.0,519400.0,811400.0
2024-02-28,13500.0,145500.0,70700.0,37400.0,108100.0
2024-02-28,13550.0,4200.0,4200.0,0.0,4200.0
2024-02-29,13200.0,304500.0,-304500.0,304500.0,0.0
2024-02-29,13250.0,1190900.0,-468700.0,829800.0,361100.0
2024-02-29,13300.0,1212500.0,-26700.0,619600.0,592900.0
2024-02-29,13350.0,886500.0,-98100.0,492300.0,394200.0
2024-02-29,13400.0,280900.0,-171300.0,226100.0,54800.0
2024-02-29,13450.0,329900.0,2300.0,163800.0,166100.0
2024-02-29,13500.0,30300.0,30300.0,0.0,30300.0
2024-03-01,13250.0,387600.0,-387600.0,387600.0,0.0
2024-03-01,13300.0,1161600.0,24000.0,568800.0,592800.0
2024-03-01,13350.0,301000.0,158600.0,71200.0,229800.0
2024-03-01,13400.0,5000.0,5000.0,0.0,5000.0
2024-03-04,13350.0,5000.0,-5000.0,5000.0,0.0
2024-03-04,13400.0,353200.0,-325600.0,339400.0,13800.0
2024-03-04,13450.0,1371200.0,-359200.0,865200.0,506000.0
2024-03-04,13500.0,896800.0,414200.0,241300.0,655500.0
2024-03-04,13550.0,158700.0,110500.0,24100.0,134600.0
2024-03-04,13600.0,96200.0,96200.0,0.0,96200.0
2024-03-05,13350.0,613500.0,-559300.0,586400.0,27100.0
2024-03-05,13400.0,815200.0,218600.0,298300.0,516900.0
2024-03-05,13450.0,43100.0,43100.0,0.0,43100.0
2024-03-06,13250.0,45800.0,-45800.0,45800.0,0.0
2024-03-06,13300.0,476300.0,-420700.0,448500.0,27800.0
2024-03-06,13350.0,266000.0,-84200.0,175100.0,90900.0
2024-03-06,13400.0,1335200.0,-337000.0,836100.0,499100.0
2024-03-06,13450.0,415400.0,320000.0,47700.0,367700.0
2024-03-06,13500.0,2000.0,2000.0,0.0,2000.0
2024-03-07,13200.0,14700.0,-14700.0,14700.0,0.0
2024-03-07,13250.0,820800.0,-743800.0,782300.0,38500.0
2024-03-07,13300.0,780100.0,152100.0,314000.0,466100.0
2024-03-07,13350.0,97400.0,97400.0,0.0,97400.0
2024-03-08,13100.0,5600.0,-5600.0,5600.0,0.0
2024-03-08,13150.0,716700.0,-606500.0,661600.0,55100.0
2024-03-08,13200.0,1158000.0,-265200.0,711600.0,446400.0
2024-03-08,13250.0,319600.0,-150400.0,235000.0,84600.0
2024-03-08,13300.0,236900.0,-17300.0,127100.0,109800.0
2024-03-08,13350.0,800.0,800.0,0.0,800.0
2024-03-11,12850.0,17400.0,-17400.0,17400.0,0.0
2024-03-11,12900.0,324400.0,-93800.0,209100.0,115300.0
2024-03-11,12950.0,161000.0,-70400.0,115700.0,45300.0
2024-03-11,13000.0,579700.0,-417900.0,498800.0,80900.0
2024-03-11,13050.0,331600.0,-299600.0,315600.0,16000.0
2024-03-11,13100.0,1190900.0,-360900.0,775900.0,415000.0
2024-03-11,13150.0,395900.0,84300.0,155800.0,240100.0
2024-03-11,13200.0,12800.0,12800.0,0.0,12800.0
2024-03-12,12400.0,126500.0,-126500.0,126500.0,0.0
2024-03-12,12450.0,366600.0,-246000.0,306300.0,60300.0
2024-03-12,12500.0,1037900.0,-487300.0,762600.0,275300.0
2024-03-12,12550.0,928900.0,-471900.0,700400.0,228500.0
2024-03-12,12600.0,1126600.0,-491200.0,808900.0,317700.0
2024-03-12,12650.0,942300.0,-357900.0,650100.0,292200.0
2024-03-12,12700.0,380000.0,-197400.0,288700.0,91300.0
2024-03-12,12750.0,469400.0,-209000.0,339200.0,130200.0
2024-03-12,12800.0,420400.0,-195600.0,308000.0,112400.0
2024-03-12,12850.0,220500.0,-193900.0,207200.0,13300.0
2024-03-12,12900.0,248200.0,-65000.0,156600.0,91600.0
2024-03-12,12950.0,34600.0,32800.0,900.0,33700.0
2024-03-13,12100.0,13900.0,-13900.0,13900.0,0.0
2024-03-13,12150.0,401800.0,-200200.0,301000.0,100800.0
2024-03-13,12200.0,355500.0,-126100.0,240800.0,114700.0
2024-03-13,12250.0,1512900.0,-1346500.0,1429700.0,83200.0
2024-03-13,12300.0,1781300.0,-136700.0,959000.0,822300.0
2024-03-13,12350.0,904800.0,315200.0,294800.0,610000.0
2024-03-13,12400.0,260000.0,-82800.0,171400.0,88600.0
2024-03-13,12450.0,215800.0,2000.0,106900.0,108900.0
2024-03-13,12500.0,156000.0,-69800.0,112900.0,43100.0
2024-03-13,12550.0,30500.0,30500.0,0.0,30500.0
2024-03-14,12200.0,381400.0,-381400.0,381400.0,0.0
2024-03-14,12250.0,629600.0,-629600.0,629600.0,0.0
2024-03-14,12300.0,1849800.0,-1627200.0,1738500.0,111300.0
2024-03-14,12350.0,1912500.0,-1014300.0,1463400.0,449100.0
2024-03-14,12400.0,1768600.0,-961400.0,1365000.0,403600.0
2024-03-14,12450.0,1109600.0,91800.0,508900.0,600700.0
2024-03-14,12500.0,400100.0,247500.0,76300.0,323800.0
2024-03-15,12450.0,1013000.0,-969200.0,991100.0,21900.0
2024-03-15,12500.0,2256600.0,-1309000.0,1782800.0,473800.0
2024-03-15,12550.0,1972800.0,-865800.0,1419300.0,553500.0
2024-03-15,12600.0,1659000.0,-665600.0,1162300.0,496700.0
2024-03-15,12650.0,623700.0,-79700.0,351700.0,272000.0
2024-03-15,12700.0,619900.0,64300.0,277800.0,342100.0
2024-03-15,12750.0,267100.0,37300.0,114900.0,152200.0
2024-03-15,12800.0,465600.0,118200.0,173700.0,291900.0
2024-03-15,12850.0,676300.0,-205900.0,441100.0,235200.0
2024-03-15,12900.0,77800.0,77800.0,0.0,77800.0
2024-03-18,12300.0,20200.0,-20200.0,20200.0,0.0
2024-03-18,12350.0,257900.0,-257900.0,257900.0,0.0
2024-03-18,12400.0,955300.0,-377100.0,666200.0,289100.0
2024-03-18,12450.0,804700.0,-129500.0,467100.0,337600.0
2024-03-18,12500.0,492000.0,-160600.0,326300.0,165700.0
2024-03-18,12550.0,398600.0,-5600.0,202100.0,196500.0
2024-03-18,12600.0,466100.0,-177300.0,321700.0,144400.0
2024-03-18,12650.0,176700.0,-8100.0,92400.0,84300.0
2024-03-18,12700.0,260400.0,-232400.0,246400.0,14000.0
2024-03-18,12750.0,406600.0,63400.0,171600.0,235000.0
2024-03-18,12800.0,462800.0,-67200.0,265000.0,197800.0
2024-03-18,12850.0,244400.0,77800.0,83300.0,161100.0
2024-03-18,12900.0,25500.0,25500.0,0.0,25500.0
2024-03-19,12350.0,7100.0,-7100.0,7100.0,0.0
2024-03-19,12400.0,323900.0,-137500.0,230700.0,93200.0
2024-03-19,12450.0,944100.0,-27900.0,486000.0,458100.0
2024-03-19,12500.0,1269800.0,5600.0,632100.0,637700.0
2024-03-19,12550.0,612300.0,291100.0,160600.0,451700.0
2024-03-19,12600.0,311700.0,166700.0,72500.0,239200.0
2024-03-19,12650.0,119300.0,119300.0,0.0,119300.0
2024-03-20,12300.0,306600.0,-287800.0,297200.0,9400.0
2024-03-20,12350.0,770300.0,-643300.0,706800.0,63500.0
2024-03-20,12400.0,1181000.0,-714000.0,947500.0,233500.0
2024-03-20,12450.0,1056200.0,-9000.0,532600.0,523600.0
2024-03-20,12500.0,418600.0,52000.0,183300.0,235300.0
2024-03-20,12550.0,88300.0,6500.0,40900.0,47400.0
2024-03-20,12600.0,66100.0,44500.0,10800.0,55300.0
2024-03-20,12650.0,195500.0,-142500.0,169000.0,26500.0
2024-03-21,12400.0,1008900.0,-997100.0,1003000.0,5900.0
2024-03-21,12450.0,2829900.0,-244500.0,1537200.0,1292700.0
2024-03-21,12500.0,370500.0,39300.0,165600.0,204900.0
2024-03-21,12550.0,85100.0,-33500.0,59300.0,25800.0
2024-03-21,12600.0,25300.0,25300.0,0.0,25300.0
2024-03-22,12350.0,313100.0,-313100.0,313100.0,0.0
2024-03-22,12400.0,1299000.0,-922800.0,1110900.0,188100.0
2024-03-22,12450.0,1974100.0,-344900.0,1159500.0,814600.0
2024-03-22,12500.0,413200.0,-28400.0,220800.0,192400.0
2024-03-22,12550.0,149300.0,77100.0,36100.0,113200.0
2024-03-25,12300.0,141100.0,-141100.0,141100.0,0.0
2024-03-25,12350.0,1929000.0,-762400.0,1345700.0,583300.0
2024-03-25,12400.0,1475200.0,-153200.0,814200.0,661000.0
2024-03-25,12450.0,343400.0,179600.0,81900.0,261500.0
2024-03-25,12500.0,1200.0,1200.0,0.0,1200.0
2024-03-26,12150.0,20000.0,-20000.0,20000.0,0.0
2024-03-26,12200.0,580200.0,-564200.0,572200.0,8000.0
2024-03-26,12250.0,1862600.0,-777200.0,1319900.0,542700.0
2024-03-26,12300.0,442100.0,276500.0,82800.0,359300.0
2024-03-26,12350.0,55400.0,55400.0,0.0,55400.0
2024-03-27,12350.0,129800.0,116400.0,6700.0,123100.0
2024-03-27,12400.0,176500.0,-32300.0,104400.0,72100.0
2024-03-27,12450.0,448300.0,254900.0,96700.0,351600.0
2024-03-27,12500.0,610400.0,-242000.0,426200.0,184200.0
2024-03-27,12550.0,1049900.0,-493500.0,771700.0,278200.0
2024-03-27,12600.0,1647900.0,250500.0,698700.0,949200.0
2024-03-27,12650.0,1227500.0,-7700.0,617600.0,609900.0
2024-03-27,12700.0,503600.0,503600.0,0.0,503600.0
2024-03-27,12750.0,200.0,200.0,0.0,200.0
2024-03-28,12450.0,127700.0,-127700.0,127700.0,0.0
2024-03-28,12500.0,535400.0,-7000.0,271200.0,264200.0
2024-03-28,12550.0,458400.0,-119200.0,288800.0,169600.0
2024-03-28,12600.0,569200.0,87800.0,240700.0,328500.0
2024-03-28,12650.0,223900.0,171700.0,26100.0,197800.0
2024-03-28,12700.0,4500.0,4500.0,0.0,4500.0
2024-03-29,12350.0,32600.0,-32600.0,32600.0,0.0
2024-03-29,12400.0,718400.0,-285400.0,501900.0,216500.0
2024-03-29,12450.0,588700.0,-44500.0,316600.0,272100.0
2024-03-29,12500.0,611100.0,50700.0,280200.0,330900.0
2024-03-29,12550.0,18600.0,8200.0,5200.0,13400.0
2024-03-29,12600.0,60400.0,-2600.0,31500.0,28900.0
2024-04-01,12300.0,6200.0,-6200.0,6200.0,0.0
2024-04-01,12350.0,786500.0,-581300.0,683900.0,102600.0
2024-04-01,12400.0,807000.0,164200.0,321400.0,485600.0
2024-04-01,12450.0,471300.0,306900.0,82200.0,389100.0
2024-04-01,12500.0,500.0,500.0,0.0,500.0
2024-04-02,12300.0,108100.0,-108100.0,108100.0,0.0
2024-04-02,12350.0,951800.0,-834200.0,893000.0,58800.0
2024-04-02,12400.0,876900.0,20100.0,428400.0,448500.0
2024-04-02,12450.0,623500.0,269300.0,177100.0,446400.0
2024-04-02,12500.0,71800.0,71800.0,0.0,71800.0
2024-04-03,12300.0,68400.0,-68400.0,68400.0,0.0
2024-04-03,12350.0,794400.0,-670400.0,732400.0,62000.0
2024-04-03,12400.0,1008200.0,-425000.0,716600.0,291600.0
2024-04-03,12450.0,448000.0,330000.0,59000.0,389000.0
2024-04-04,12150.0,164700.0,-164700.0,164700.0,0.0
2024-04-04,12200.0,744500.0,-643300.0,693900.0,50600.0
2024-04-04,12250.0,967200.0,-239200.0,603200.0,364000.0
2024-04-04,12300.0,648800.0,-382600.0,515700.0,133100.0
2024-04-04,12350.0,290100.0,250300.0,19900.0,270200.0
2024-04-04,12400.0,100.0,100.0,0.0,100.0
2024-04-05,12100.0,286100.0,-99300.0,192700.0,93400.0
2024-04-05,12150.0,231100.0,98500.0,66300.0,164800.0
2024-04-05,12200.0,59000.0,59000.0,0.0,59000.0
2024-04-05,12250.0,19800.0,19800.0,0.0,19800.0
2024-04-05,12300.0,43200.0,13800.0,14700.0,28500.0
2024-04-05,12350.0,220800.0,168000.0,26400.0,194400.0
2024-04-05,12400.0,612100.0,-287900.0,450000.0,162100.0
2024-04-05,12450.0,1139100.0,24700.0,557200.0,581900.0
2024-04-05,12500.0,1237600.0,484400.0,376600.0,861000.0
2024-04-05,12550.0,453400.0,251800.0,100800.0,352600.0
2024-04-05,12600.0,11500.0,11500.0,0.0,11500.0
2024-04-08,12350.0,172400.0,-172400.0,172400.0,0.0
2024-04-08,12400.0,1171800.0,-697600.0,934700.0,237100.0
2024-04-08,12450.0,751500.0,550700.0,100400.0,651100.0
2024-04-08,12500.0,43500.0,43500.0,0.0,43500.0
2024-04-09,12300.0,14500.0,-14500.0,14500.0,0.0
2024-04-09,12350.0,300200.0,-47200.0,173700.0,126500.0
2024-04-09,12400.0,1785100.0,-271300.0,1028200.0,756900.0
2024-04-09,12450.0,120400.0,120400.0,0.0,120400.0
2024-04-10,12400.0,428000.0,-356200.0,392100.0,35900.0
2024-04-10,12450.0,1140100.0,-400300.0,770200.0,369900.0
2024-04-10,12500.0,183000.0,183000.0,0.0,183000.0
2024-04-11,12250.0,21700.0,-21700.0,21700.0,0.0
2024-04-11,12300.0,134700.0,-61300.0,98000.0,36700.0
2024-04-11,12350.0,372500.0,-259900.0,316200.0,56300.0
2024-04-11,12400.0,948300.0,334300.0,307000.0,641300.0
2024-04-11,12450.0,33000.0,33000.0,0.0,33000.0
2024-04-12,12400.0,71200.0,52000.0,9600.0,61600.0
2024-04-12,12450.0,74200.0,73800.0,200.0,74000.0
2024-04-12,12500.0,374600.0,191600.0,91500.0,283100.0
2024-04-12,12550.0,178700.0,178700.0,0.0,178700.0
2024-04-12,12600.0,255300.0,251700.0,1800.0,253500.0
2024-04-12,12650.0,189000.0,189000.0,0.0,189000.0
2024-04-12,12700.0,606400.0,-212600.0,409500.0,196900.0
2024-04-12,12750.0,1378700.0,-244100.0,811400.0,567300.0
2024-04-12,12800.0,1999900.0,-216100.0,1108000.0,891900.0
2024-04-12,12850.0,606000.0,123000.0,241500.0,364500.0
2024-04-12,12900.0,638200.0,189400.0,224400.0,413800.0
2024-04-12,12950.0,436900.0,-13500.0,225200.0,211700.0
2024-04-12,13000.0,77000.0,77000.0,0.0,77000.0
2024-04-15,12100.0,10000.0,-10000.0,10000.0,0.0
2024-04-15,12150.0,168800.0,-168400.0,168600.0,200.0
2024-04-15,12200.0,241200.0,36000.0,102600.0,138600.0
2024-04-15,12250.0,211000.0,-200600.0,205800.0,5200.0
2024-04-15,12300.0,159400.0,-136800.0,148100.0,11300.0
2024-04-15,12350.0,156800.0,-100200.0,128500.0,28300.0
2024-04-15,12400.0,351300.0,-149100.0,250200.0,101100.0
2024-04-15,12450.0,345500.0,-307700.0,326600.0,18900.0
2024-04-15,12500.0,227100.0,-176700.0,201900.0,25200.0
2024-04-15,12550.0,417800.0,-401000.0,409400.0,8400.0
2024-04-15,12600.0,628300.0,-254900.0,441600.0,186700.0
2024-04-15,12650.0,496900.0,-17500.0,257200.0,239700.0
2024-04-15,12700.0,200200.0,-200.0,100200.0,100000.0
2024-04-15,12750.0,156100.0,84500.0,35800.0,120300.0
2024-04-15,12800.0,5600.0,5600.0,0.0,5600.0
2024-04-16,11300.0,18600.0,-18600.0,18600.0,0.0
2024-04-16,11350.0,304500.0,-304500.0,304500.0,0.0
2024-04-16,11400.0,201900.0,-32700.0,117300.0,84600.0
2024-04-16,11450.0,351200.0,-257000.0,304100.0,47100.0
2024-04-16,11500.0,678800.0,-397200.0,538000.0,140800.0
2024-04-16,11550.0,579900.0,46500.0,266700.0,313200.0
2024-04-16,11600.0,455100.0,-81100.0,268100.0,187000.0
2024-04-16,11650.0,346500.0,-32300.0,189400.0,157100.0
2024-04-16,11700.0,198100.0,-5900.0,102000.0,96100.0
2024-04-16,11750.0,37900.0,-26900.0,32400.0,5500.0
2024-04-16,11800.0,258300.0,-251700.0,255000.0,3300.0
2024-04-16,11850.0,186800.0,-142600.0,164700.0,22100.0
2024-04-16,11900.0,146800.0,-115600.0,131200.0,15600.0
2024-04-16,11950.0,113900.0,-57700.0,85800.0,28100.0
2024-04-16,12000.0,488400.0,-259600.0,374000.0,114400.0
2024-04-16,12050.0,318000.0,43600.0,137200.0,180800.0
2024-04-16,12100.0,278600.0,-105400.0,192000.0,86600.0
2024-04-16,12150.0,31600.0,-17400.0,24500.0,7100.0
2024-04-16,12200.0,143400.0,35200.0,54100.0,89300.0
2024-04-16,12250.0,33700.0,16500.0,8600.0,25100.0
2024-04-17,11350.0,151400.0,-151400.0,151400.0,0.0
2024-04-17,11400.0,326600.0,-267800.0,297200.0,29400.0
2024-04-17,11450.0,777300.0,-369900.0,573600.0,203700.0
2024-04-17,11500.0,555100.0,-25700.0,290400.0,264700.0
2024-04-17,11550.0,128500.0,6500.0,61000.0,67500.0
2024-04-17,11600.0,71900.0,-17300.0,44600.0,27300.0
2024-04-17,11650.0,84400.0,84400.0,0.0,84400.0
2024-04-17,11700.0,40600.0,40600.0,0.0,40600.0
2024-04-19,10700.0,150100.0,-148300.0,149200.0,900.0
2024-04-19,10750.0,138100.0,-68500.0,103300.0,34800.0
2024-04-19,10800.0,276600.0,-176600.0,226600.0,50000.0
2024-04-19,10850.0,405300.0,-147500.0,276400.0,128900.0
2024-04-19,10900.0,420900.0,-76500.0,248700.0,172200.0
2024-04-19,10950.0,470000.0,-268400.0,369200.0,100800.0
2024-04-19,11000.0,1078500.0,-6300.0,542400.0,536100.0
2024-04-19,11050.0,442300.0,80300.0,181000.0,261300.0
2024-04-19,11100.0,209500.0,34100.0,87700.0,121800.0
2024-04-19,11150.0,1400.0,1400.0,0.0,1400.0
2024-04-22,10800.0,27600.0,27600.0,0.0,27600.0
2024-04-22,10850.0,131400.0,-123800.0,127600.0,3800.0
2024-04-22,10900.0,241700.0,-57900.0,149800.0,91900.0
2024-04-22,10950.0,662000.0,-280200.0,471100.0,190900.0
2024-04-22,11000.0,311500.0,70500.0,120500.0,191000.0
2024-04-22,11050.0,2100.0,2100.0,0.0,2100.0
2024-04-23,10750.0,10500.0,-10500.0,10500.0,0.0
2024-04-23,10800.0,228500.0,-197900.0,213200.0,15300.0
2024-04-23,10850.0,252900.0,-243500.0,248200.0,4700.0
2024-04-23,10900.0,634200.0,-392400.0,513300.0,120900.0
2024-04-23,10950.0,383700.0,-83900.0,233800.0,149900.0
2024-04-23,11000.0,127400.0,41800.0,42800.0,84600.0
2024-04-23,11050.0,14500.0,14500.0,0.0,14500.0
2024-04-25,10900.0,23000.0,-23000.0,23000.0,0.0
2024-04-25,10950.0,94000.0,-94000.0,94000.0,0.0
2024-04-25,11000.0,514500.0,-261300.0,387900.0,126600.0
2024-04-25,11050.0,217300.0,31900.0,92700.0,124600.0
2024-04-25,11100.0,1500.0,1500.0,0.0,1500.0
2024-04-26,10850.0,382600.0,-19400.0,201000.0,181600.0
2024-04-26,10900.0,773500.0,-325500.0,549500.0,224000.0
2024-04-26,10950.0,341800.0,125200.0,108300.0,233500.0
2024-04-26,11000.0,7500.0,7500.0,0.0,7500.0
2024-05-02,10950.0,38400.0,-9000.0,23700.0,14700.0
2024-05-02,11000.0,515400.0,-26200.0,270800.0,244600.0
2024-05-02,11050.0,240600.0,58000.0,91300.0,149300.0
2024-05-02,11100.0,31500.0,31500.0,0.0,31500.0
2024-05-03,11050.0,10200.0,-10200.0,10200.0,0.0
2024-05-03,11100.0,583100.0,-518300.0,550700.0,32400.0
2024-05-03,11150.0,411700.0,-33300.0,222500.0,189200.0
2024-05-03,11200.0,128300.0,108900.0,9700.0,118600.0
2024-05-06,11250.0,2800.0,-2800.0,2800.0,0.0
2024-05-06,11300.0,474100.0,-320500.0,397300.0,76800.0
2024-05-06,11350.0,841100.0,162900.0,339100.0,502000.0
2024-05-06,11400.0,386700.0,252100.0,67300.0,319400.0
2024-05-06,11450.0,63600.0,63600.0,0.0,63600.0
2024-05-07,11400.0,22600.0,-22600.0,22600.0,0.0
2024-05-07,11450.0,590400.0,-242400.0,416400.0,174000.0
2024-05-07,11500.0,529000.0,14600.0,257200.0,271800.0
2024-05-07,11550.0,250500.0,-54500.0,152500.0,98000.0
2024-05-07,11600.0,87800.0,-43800.0,65800.0,22000.0
2024-05-07,11650.0,544500.0,191900.0,176300.0,368200.0
2024-05-07,11700.0,11600.0,11600.0,0.0,11600.0
2024-05-08,11150.0,100.0,-100.0,100.0,0.0
2024-05-08,11200.0,201600.0,-102400.0,152000.0,49600.0
2024-05-08,11250.0,971300.0,-580100.0,775700.0,195600.0
2024-05-08,11300.0,953700.0,-272300.0,613000.0,340700.0
2024-05-08,11350.0,198800.0,21000.0,88900.0,109900.0
2024-05-08,11400.0,119700.0,78900.0,20400.0,99300.0
2024-05-08,11450.0,55000.0,-10200.0,32600.0,22400.0
2024-05-08,11500.0,900.0,900.0,0.0,900.0
2024-05-09,11200.0,216100.0,-216100.0,216100.0,0.0
2024-05-09,11250.0,688800.0,-426800.0,557800.0,131000.0
2024-05-09,11300.0,508700.0,-313500.0,411100.0,97600.0
2024-05-09,11350.0,440900.0,-255700.0,348300.0,92600.0
2024-05-09,11400.0,174400.0,100400.0,37000.0,137400.0
2024-05-09,11450.0,5300.0,5300.0,0.0,5300.0
2024-05-10,11100.0,205000.0,-152800.0,178900.0,26100.0
2024-05-10,11150.0,470500.0,-414500.0,442500.0,28000.0
2024-05-10,11200.0,470700.0,-125900.0,298300.0,172400.0
2024-05-10,11250.0,324800.0,-44400.0,184600.0,140200.0
2024-05-10,11300.0,92200.0,63000.0,14600.0,77600.0
2024-05-13,11150.0,78800.0,-78800.0,78800.0,0.0
2024-05-13,11200.0,860200.0,-363200.0,611700.0,248500.0
2024-05-13,11250.0,299200.0,68400.0,115400.0,183800.0
2024-05-14,11250.0,1100.0,-1100.0,1100.0,0.0
2024-05-14,11300.0,139500.0,-48100.0,93800.0,45700.0
2024-05-14,11350.0,566800.0,-20200.0,293500.0,273300.0
2024-05-14,11400.0,1041300.0,241500.0,399900.0,641400.0
2024-05-14,11450.0,211100.0,40100.0,85500.0,125600.0
2024-05-15,11350.0,192500.0,-192500.0,192500.0,0.0
2024-05-15,11400.0,987200.0,119600.0,433800.0,553400.0
2024-05-15,11450.0,82200.0,82200.0,0.0,82200.0
2024-05-16,11350.0,64800.0,-64800.0,64800.0,0.0
2024-05-16,11400.0,1207000.0,45000.0,581000.0,626000.0
2024-05-16,11450.0,208700.0,208700.0,0.0,208700.0
2024-05-17,11300.0,42800.0,-42800.0,42800.0,0.0
2024-05-17,11350.0,1231900.0,-456100.0,844000.0,387900.0
2024-05-17,11400.0,92700.0,77300.0,7700.0,85000.0
2024-05-20,11450.0,204800.0,-114200.0,159500.0,45300.0
2024-05-20,11500.0,558400.0,122200.0,218100.0,340300.0
2024-05-20,11550.0,167400.0,154800.0,6300.0,161100.0
2024-05-20,11600.0,332000.0,48200.0,141900.0,190100.0
2024-05-20,11650.0,895500.0,-16900.0,456200.0,439300.0
2024-05-20,11700.0,731000.0,399000.0,166000.0,565000.0
2024-05-20,11750.0,912500.0,391500.0,260500.0,652000.0
2024-05-20,11800.0,41400.0,41400.0,0.0,41400.0
2024-05-21,11700.0,25400.0,-25400.0,25400.0,0.0
2024-05-21,11750.0,41800.0,36600.0,2600.0,39200.0
2024-05-21,11800.0,129900.0,128900.0,500.0,129400.0
2024-05-21,11850.0,45700.0,40100.0,2800.0,42900.0
2024-05-21,11900.0,326100.0,-51500.0,188800.0,137300.0
2024-05-21,11950.0,424900.0,-26700.0,225800.0,199100.0
2024-05-21,12000.0,1302500.0,111100.0,595700.0,706800.0
2024-05-21,12050.0,1329800.0,299400.0,515200.0,814600.0
2024-05-21,12100.0,746100.0,276100.0,235000.0,511100.0
2024-05-21,12150.0,74800.0,74800.0,0.0,74800.0
2024-05-22,11800.0,261900.0,-261900.0,261900.0,0.0
2024-05-22,11850.0,1085000.0,-467200.0,776100.0,308900.0
2024-05-22,11900.0,739900.0,-282100.0,511000.0,228900.0
2024-05-22,11950.0,419800.0,-73600.0,246700.0,173100.0
2024-05-22,12000.0,476900.0,193100.0,141900.0,335000.0
2024-05-22,12050.0,120900.0,8300.0,56300.0,64600.0
2024-05-22,12100.0,33600.0,33600.0,0.0,33600.0
2024-05-23,11750.0,264700.0,-264700.0,264700.0,0.0
2024-05-23,11800.0,632100.0,-252500.0,442300.0,189800.0
2024-05-23,11850.0,425600.0,-86000.0,255800.0,169800.0
2024-05-23,11900.0,532700.0,109900.0,211400.0,321300.0
2024-05-23,11950.0,281900.0,76900.0,102500.0,179400.0
2024-05-23,12000.0,283000.0,85600.0,98700.0,184300.0
2024-05-23,12050.0,4700.0,4700.0,0.0,4700.0
2024-05-24,11900.0,74700.0,-45100.0,59900.0,14800.0
2024-05-24,11950.0,120600.0,120600.0,0.0,120600.0
2024-05-24,12000.0,127400.0,-42800.0,85100.0,42300.0
2024-05-24,12050.0,210100.0,12700.0,98700.0,111400.0
2024-05-24,12100.0,336900.0,-88700.0,212800.0,124100.0
2024-05-24,12150.0,610300.0,22100.0,294100.0,316200.0
2024-05-24,12200.0,859400.0,38400.0,410500.0,448900.0
2024-05-24,12250.0,1076000.0,140800.0,467600.0,608400.0
2024-05-24,12300.0,803900.0,257700.0,273100.0,530800.0
2024-05-24,12350.0,340300.0,26500.0,156900.0,183400.0
2024-05-24,12400.0,693100.0,63500.0,314800.0,378300.0
2024-05-24,12450.0,1213600.0,-195600.0,704600.0,509000.0
2024-05-24,12500.0,924900.0,458100.0,233400.0,691500.0
2024-05-24,12550.0,43800.0,43800.0,0.0,43800.0
2024-05-27,12200.0,48100.0,-48100.0,48100.0,0.0
2024-05-27,12250.0,490800.0,-246200.0,368500.0,122300.0
2024-05-27,12300.0,712500.0,153100.0,279700.0,432800.0
2024-05-27,12350.0,470200.0,422600.0,23800.0,446400.0
2024-05-27,12400.0,189400.0,144800.0,22300.0,167100.0
2024-05-27,12450.0,800.0,800.0,0.0,800.0
2024-05-28,12150.0,13900.0,-13900.0,13900.0,0.0
2024-05-28,12200.0,361600.0,-359400.0,360500.0,1100.0
2024-05-28,12250.0,550000.0,-266600.0,408300.0,141700.0
2024-05-28,12300.0,1269400.0,-69400.0,669400.0,600000.0
2024-05-28,12350.0,1604800.0,1143800.0,230500.0,1374300.0
2024-05-28,12400.0,25900.0,25900.0,0.0,25900.0
2024-05-29,12150.0,226400.0,-226400.0,226400.0,0.0
2024-05-29,12200.0,801400.0,-757600.0,779500.0,21900.0
2024-05-29,12250.0,974400.0,-173800.0,574100.0,400300.0
2024-05-29,12300.0,393700.0,311500.0,41100.0,352600.0
2024-05-29,12350.0,7700.0,7700.0,0.0,7700.0
2024-05-30,11650.0,107300.0,-95700.0,101500.0,5800.0
2024-05-30,11700.0,336800.0,-210000.0,273400.0,63400.0
2024-05-30,11750.0,660900.0,-72300.0,366600.0,294300.0
2024-05-30,11800.0,670900.0,-309900.0,490400.0,180500.0
2024-05-30,11850.0,664700.0,-213500.0,439100.0,225600.0
2024-05-30,11900.0,345300.0,-227500.0,286400.0,58900.0
2024-05-30,11950.0,392400.0,-181600.0,287000.0,105400.0
2024-05-30,12000.0,442600.0,-209000.0,325800.0,116800.0
2024-05-30,12050.0,308100.0,-172300.0,240200.0,67900.0
2024-05-30,12100.0,113800.0,76600.0,18600.0,95200.0
2024-05-31,11750.0,448800.0,-364000.0,406400.0,42400.0
2024-05-31,11800.0,867200.0,-194600.0,530900.0,336300.0
2024-05-31,11850.0,237500.0,-39100.0,138300.0,99200.0
2024-05-31,11900.0,290100.0,83500.0,103300.0,186800.0
2024-05-31,11950.0,107300.0,-18500.0,62900.0,44400.0
2024-05-31,12000.0,400.0,400.0,0.0,400.0
2024-06-03,11800.0,1000.0,-1000.0,1000.0,0.0
2024-06-03,11850.0,97600.0,-66000.0,81800.0,15800.0
2024-06-03,11900.0,298200.0,-137000.0,217600.0,80600.0
2024-06-03,11950.0,909000.0,-81400.0,495200.0,413800.0
2024-06-03,12000.0,325600.0,325600.0,0.0,325600.0
2024-06-04,11850.0,200.0,-200.0,200.0,0.0
2024-06-04,11900.0,261300.0,-254100.0,257700.0,3600.0
2024-06-04,11950.0,416600.0,-153400.0,285000.0,131600.0
2024-06-04,12000.0,223300.0,-118900.0,171100.0,52200.0
2024-06-04,12050.0,424100.0,-153500.0,288800.0,135300.0
2024-06-04,12100.0,20600.0,20600.0,0.0,20600.0
2024-06-05,11900.0,814400.0,-698800.0,756600.0,57800.0
2024-06-05,11950.0,831600.0,200800.0,315400.0,516200.0
2024-06-05,12000.0,991900.0,799700.0,96100.0,895800.0
2024-06-05,12050.0,139500.0,137300.0,1100.0,138400.0
2024-06-05,12100.0,168900.0,168900.0,0.0,168900.0
2024-06-05,12150.0,167800.0,167800.0,0.0,167800.0
2024-06-05,12200.0,162200.0,91200.0,35500.0,126700.0
2024-06-05,12250.0,298900.0,-36100.0,167500.0,131400.0
2024-06-05,12300.0,1107300.0,-22700.0,565000.0,542300.0
2024-06-05,12350.0,1194200.0,343600.0,425300.0,768900.0
2024-06-05,12400.0,503200.0,31800.0,235700.0,267500.0
2024-06-05,12450.0,535800.0,125000.0,205400.0,330400.0
2024-06-05,12500.0,327900.0,327900.0,0.0,327900.0
2024-06-06,12150.0,200.0,-200.0,200.0,0.0
2024-06-06,12200.0,183000.0,-119200.0,151100.0,31900.0
2024-06-06,12250.0,607100.0,-500900.0,554000.0,53100.0
2024-06-06,12300.0,621800.0,-143000.0,382400.0,239400.0
2024-06-06,12350.0,529100.0,143700.0,192700.0,336400.0
2024-06-06,12400.0,64800.0,-7600.0,36200.0,28600.0
2024-06-06,12450.0,131200.0,131200.0,0.0,131200.0
2024-06-07,12100.0,21200.0,-21200.0,21200.0,0.0
2024-06-07,12150.0,428200.0,-275000.0,351600.0,76600.0
2024-06-07,12200.0,1009700.0,-661300.0,835500.0,174200.0
2024-06-07,12250.0,399000.0,171000.0,114000.0,285000.0
2024-06-10,12050.0,262600.0,-252600.0,257600.0,5000.0
2024-06-10,12100.0,519200.0,-445400.0,482300.0,36900.0
2024-06-10,12150.0,230100.0,-108900.0,169500.0,60600.0
2024-06-10,12200.0,1017600.0,-533400.0,775500.0,242100.0
2024-06-10,12250.0,769100.0,-403100.0,586100.0,183000.0
2024-06-10,12300.0,675900.0,268700.0,203600.0,472300.0
2024-06-10,12350.0,233600.0,211600.0,11000.0,222600.0
2024-06-11,11850.0,142700.0,-142700.0,142700.0,0.0
2024-06-11,11900.0,1107100.0,-297700.0,702400.0,404700.0
2024-06-11,11950.0,316300.0,-245900.0,281100.0,35200.0
2024-06-11,12000.0,657100.0,-208500.0,432800.0,224300.0
2024-06-11,12050.0,334000.0,-224800.0,279400.0,54600.0
2024-06-11,12100.0,208300.0,19300.0,94500.0,113800.0
2024-06-11,12150.0,58400.0,3600.0,27400.0,31000.0
2024-06-11,12200.0,100.0,100.0,0.0,100.0
2024-06-12,11850.0,148800.0,-148800.0,148800.0,0.0
2024-06-12,11900.0,602400.0,-150800.0,376600.0,225800.0
2024-06-12,11950.0,355700.0,-71100.0,213400.0,142300.0
2024-06-12,12000.0,332200.0,158800.0,86700.0,245500.0
2024-06-12,12050.0,500.0,500.0,0.0,500.0
2024-06-13,11950.0,21900.0,-21900.0,21900.0,0.0
2024-06-13,12000.0,655300.0,-575100.0,615200.0,40100.0
2024-06-13,12050.0,557700.0,31700.0,263000.0,294700.0
2024-06-13,12100.0,110300.0,18100.0,46100.0,64200.0
2024-06-13,12150.0,8100.0,8100.0,0.0,8100.0
2024-06-14,11850.0,5100.0,-5100.0,5100.0,0.0
2024-06-14,11900.0,243200.0,-228200.0,235700.0,7500.0
2024-06-14,11950.0,401500.0,-290500.0,346000.0,55500.0
2024-06-14,12000.0,467300.0,-382700.0,425000.0,42300.0
2024-06-14,12050.0,394100.0,-120700.0,257400.0,136700.0
2024-06-14,12100.0,299300.0,182300.0,58500.0,240800.0
2024-06-14,12150.0,100.0,100.0,0.0,100.0
2024-06-17,11700.0,291000.0,-291000.0,291000.0,0.0
2024-06-17,11750.0,744700.0,-484300.0,614500.0,130200.0
2024-06-17,11800.0,551300.0,162900.0,194200.0,357100.0
2024-06-17,11850.0,249700.0,100500.0,74600.0,175100.0
2024-06-17,11900.0,20900.0,20900.0,0.0,20900.0
2024-06-18,11700.0,8700.0,-8700.0,8700.0,0.0
2024-06-18,11750.0,462100.0,-363300.0,412700.0,49400.0
2024-06-18,11800.0,408600.0,-160600.0,284600.0,124000.0
2024-06-18,11850.0,163400.0,135000.0,14200.0,149200.0
2024-06-18,11900.0,23100.0,23100.0,0.0,23100.0
2024-06-19,11600.0,74100.0,-74100.0,74100.0,0.0
2024-06-19,11650.0,390300.0,-84300.0,237300.0,153000.0
2024-06-19,11700.0,689700.0,-248900.0,469300.0,220400.0
2024-06-19,11750.0,339800.0,-27400.0,183600.0,156200.0
2024-06-19,11800.0,27600.0,27600.0,0.0,27600.0
2024-06-20,11700.0,215000.0,-215000.0,215000.0,0.0
2024-06-20,11750.0,231800.0,-145600.0,188700.0,43100.0
2024-06-20,11800.0,678700.0,58900.0,309900.0,368800.0
2024-06-20,11850.0,761300.0,185700.0,287800.0,473500.0
2024-06-20,11900.0,258400.0,9000.0,124700.0,133700.0
2024-06-20,11950.0,76600.0,76600.0,0.0,76600.0
2024-06-21,11700.0,200.0,-200.0,200.0,0.0
2024-06-21,11750.0,659400.0,-540400.0,599900.0,59500.0
2024-06-21,11800.0,633100.0,3300.0,314900.0,318200.0
2024-06-21,11850.0,2600.0,2600.0,0.0,2600.0
2024-06-24,11400.0,47900.0,-47900.0,47900.0,0.0
2024-06-24,11450.0,358400.0,-236000.0,297200.0,61200.0
2024-06-24,11500.0,421500.0,-241900.0,331700.0,89800.0
2024-06-24,11550.0,417000.0,-267200.0,342100.0,74900.0
2024-06-24,11600.0,556000.0,-57400.0,306700.0,249300.0
2024-06-24,11650.0,154700.0,-900.0,77800.0,76900.0
2024-06-24,11700.0,92100.0,26500.0,32800.0,59300.0
2024-06-24,11750.0,11800.0,11800.0,0.0,11800.0
2024-06-25,11400.0,113900.0,-113900.0,113900.0,0.0
2024-06-25,11450.0,303300.0,-45100.0,174200.0,129100.0
2024-06-25,11500.0,449500.0,186100.0,131700.0,317800.0
2024-06-25,11550.0,1200.0,1200.0,0.0,1200.0
2024-06-26,11550.0,67100.0,-67100.0,67100.0,0.0
2024-06-26,11600.0,611000.0,-318000.0,464500.0,146500.0
2024-06-26,11650.0,547400.0,86000.0,230700.0,316700.0
2024-06-26,11700.0,417600.0,-65200.0,241400.0,176200.0
2024-06-26,11750.0,225500.0,152100.0,36700.0,188800.0
2024-06-27,11600.0,14900.0,-1500.0,8200.0,6700.0
2024-06-27,11650.0,545000.0,-282200.0,413600.0,131400.0
2024-06-27,11700.0,425900.0,197300.0,114300.0,311600.0
2024-06-27,11750.0,33500.0,33500.0,0.0,33500.0
2024-06-28,11600.0,5300.0,-5300.0,5300.0,0.0
2024-06-28,11650.0,155400.0,-114200.0,134800.0,20600.0
2024-06-28,11700.0,188300.0,-117900.0,153100.0,35200.0
2024-06-28,11750.0,475000.0,-3200.0,239100.0,235900.0
2024-06-28,11800.0,657900.0,-133100.0,395500.0,262400.0
2024-06-28,11850.0,176300.0,-50700.0,113500.0,62800.0
2024-06-28,11900.0,876000.0,37400.0,419300.0,456700.0
2024-06-28,11950.0,675800.0,278600.0,198600.0,477200.0
2024-06-28,12000.0,57800.0,57800.0,0.0,57800.0
2024-07-01,11650.0,3500.0,-3500.0,3500.0,0.0
2024-07-01,11700.0,207000.0,-49800.0,128400.0,78600.0
2024-07-01,11750.0,485700.0,190100.0,147800.0,337900.0
2024-07-01,11800.0,401600.0,212000.0,94800.0,306800.0
2024-07-01,11850.0,331600.0,195200.0,68200.0,263400.0
2024-07-01,11900.0,396900.0,117300.0,139800.0,257100.0
2024-07-01,11950.0,639100.0,43100.0,298000.0,341100.0
2024-07-01,12000.0,69100.0,69100.0,0.0,69100.0
2024-07-02,11900.0,6100.0,-6100.0,6100.0,0.0
2024-07-02,11950.0,354400.0,-176600.0,265500.0,88900.0
2024-07-02,12000.0,593000.0,-282600.0,437800.0,155200.0
2024-07-02,12050.0,1245000.0,588800.0,328100.0,916900.0
2024-07-02,12100.0,331000.0,222400.0,54300.0,276700.0
2024-07-03,11950.0,19500.0,-19500.0,19500.0,0.0
2024-07-03,12000.0,279700.0,-24900.0,152300.0,127400.0
2024-07-03,12050.0,298700.0,61900.0,118400.0,180300.0
2024-07-03,12100.0,697300.0,205700.0,245800.0,451500.0
2024-07-03,12150.0,513700.0,325100.0,94300.0,419400.0
2024-07-03,12200.0,100.0,100.0,0.0,100.0
2024-07-04,12000.0,111300.0,-111300.0,111300.0,0.0
2024-07-04,12050.0,582500.0,-154300.0,368400.0,214100.0
2024-07-04,12100.0,750900.0,122300.0,314300.0,436600.0
2024-07-04,12150.0,17800.0,17800.0,0.0,17800.0
2024-07-05,11850.0,56700.0,-56700.0,56700.0,0.0
2024-07-05,11900.0,441700.0,-103900.0,272800.0,168900.0
2024-07-05,11950.0,240200.0,-86600.0,163400.0,76800.0
2024-07-05,12000.0,302400.0,-43800.0,173100.0,129300.0
2024-07-05,12050.0,53300.0,32300.0,10500.0,42800.0
2024-07-05,12100.0,84600.0,20800.0,31900.0,52700.0
2024-07-05,12150.0,11600.0,11600.0,0.0,11600.0
2024-07-08,29750.0,92300.0,-92300.0,92300.0,0.0
2024-07-08,29800.0,402500.0,-114300.0,258400.0,144100.0
2024-07-08,29850.0,1011100.0,-112900.0,562000.0,449100.0
2024-07-08,29900.0,671700.0,218900.0,226400.0,445300.0
2024-07-08,29950.0,290400.0,-67400.0,178900.0,111500.0
2024-07-08,30000.0,1015300.0,-104300.0,559800.0,455500.0
2024-07-08,30050.0,1363500.0,-197300.0,780400.0,583100.0
2024-07-08,30100.0,2931300.0,-331100.0,1631200.0,1300100.0
2024-07-08,30150.0,1793300.0,663300.0,565000.0,1228300.0
2024-07-08,30200.0,742800.0,361400.0,190700.0,552100.0
2024-07-08,30250.0,184600.0,184600.0,0.0,184600.0
2024-07-08,30300.0,297600.0,297600.0,0.0,297600.0
2024-07-09,26950.0,4900.0,-4900.0,4900.0,0.0
2024-07-09,27000.0,85500.0,-30900.0,58200.0,27300.0
2024-07-09,27050.0,107600.0,800.0,53400.0,54200.0
2024-07-09,27100.0,71500.0,12900.0,29300.0,42200.0
2024-07-09,27150.0,4000.0,-3400.0,3700.0,300.0
2024-07-09,27200.0,13000.0,13000.0,0.0,13000.0
2024-07-09,29950.0,12000.0,-12000.0,12000.0,0.0
2024-07-09,30000.0,1084000.0,-929400.0,1006700.0,77300.0
2024-07-09,30050.0,1855200.0,-114400.0,984800.0,870400.0
2024-07-09,30100.0,876100.0,277900.0,299100.0,577000.0
2024-07-09,30150.0,338200.0,-56200.0,197200.0,141000.0
2024-07-09,30200.0,1128000.0,-119200.0,623600.0,504400.0
2024-07-09,30250.0,1323400.0,219400.0,552000.0,771400.0
2024-07-09,30300.0,1792900.0,1207700.0,292600.0,1500300.0
2024-07-09,30350.0,1439100.0,755500.0,341800.0,1097300.0
2024-07-09,30400.0,51100.0,51100.0,0.0,51100.0
2024-07-10,12500.0,70600.0,-70600.0,70600.0,0.0
2024-07-10,12550.0,516100.0,-134500.0,325300.0,190800.0
2024-07-10,12600.0,1151500.0,-294700.0,723100.0,428400.0
2024-07-10,12650.0,1789200.0,-607200.0,1198200.0,591000.0
2024-07-10,12700.0,732100.0,393900.0,169100.0,563000.0
2024-07-10,12750.0,177500.0,177500.0,0.0,177500.0
2024-07-11,12350.0,229000.0,-229000.0,229000.0,0.0
2024-07-11,12400.0,591700.0,-591700.0,591700.0,0.0
2024-07-11,12450.0,1744400.0,-629200.0,1186800.0,557600.0
2024-07-11,12500.0,1221000.0,-68800.0,644900.0,576100.0
2024-07-11,12550.0,915300.0,-559100.0,737200.0,178100.0
2024-07-11,12600.0,243500.0,114300.0,64600.0,178900.0
2024-07-11,12650.0,500.0,500.0,0.0,500.0
2024-07-12,12300.0,43800.0,-43800.0,43800.0,0.0
2024-07-12,12350.0,627400.0,-247000.0,437200.0,190200.0
2024-07-12,12400.0,1514800.0,-776400.0,1145600.0,369200.0
2024-07-12,12450.0,480400.0,33800.0,223300.0,257100.0
2024-07-12,12500.0,100.0,100.0,0.0,100.0
2024-07-15,12350.0,34400.0,-34400.0,34400.0,0.0
2024-07-15,12400.0,778900.0,-514300.0,646600.0,132300.0
2024-07-15,12450.0,426600.0,198600.0,114000.0,312600.0
2024-07-15,12500.0,168600.0,162000.0,3300.0,165300.0
2024-07-15,12550.0,843800.0,-351000.0,597400.0,246400.0
2024-07-15,12600.0,1064600.0,258200.0,403200.0,661400.0
2024-07-15,12650.0,815000.0,314600.0,250200.0,564800.0
2024-07-15,12700.0,74700.0,74700.0,0.0,74700.0
2024-07-16,12700.0,11000.0,-11000.0,11000.0,0.0
2024-07-16,12750.0,161000.0,44000.0,58500.0,102500.0
2024-07-16,12800.0,419200.0,238800.0,90200.0,329000.0
2024-07-16,12850.0,149700.0,122700.0,13500.0,136200.0
2024-07-16,12900.0,488200.0,-170800.0,329500.0,158700.0
2024-07-16,12950.0,633300.0,134500.0,249400.0,383900.0
2024-07-16,13000.0,1702000.0,234600.0,733700.0,968300.0
2024-07-16,13050.0,1827100.0,-106100.0,966600.0,860500.0
2024-07-16,13100.0,1078400.0,146000.0,466200.0,612200.0
2024-07-16,13150.0,646100.0,-34100.0,340100.0,306000.0
2024-07-16,13200.0,605400.0,318400.0,143500.0,461900.0
2024-07-16,13250.0,674400.0,22600.0,325900.0,348500.0
2024-07-16,13300.0,464900.0,-31700.0,248300.0,216600.0
2024-07-16,13350.0,76900.0,76900.0,0.0,76900.0
2024-07-17,12250.0,0.0,0.0,0.0,0.0
2024-07-17,12400.0,14900.0,-14900.0,14900.0,0.0
2024-07-17,12450.0,53200.0,-53200.0,53200.0,0.0
2024-07-17,12500.0,266800.0,-163800.0,215300.0,51500.0
2024-07-17,12550.0,126100.0,84300.0,20900.0,105200.0
2024-07-17,12600.0,292800.0,111400.0,90700.0,202100.0
2024-07-17,12650.0,182300.0,-150100.0,166200.0,16100.0
2024-07-17,12700.0,605400.0,-9400.0,307400.0,298000.0
2024-07-17,12750.0,230800.0,-57200.0,144000.0,86800.0
2024-07-17,12800.0,189300.0,-188900.0,189100.0,200.0
2024-07-17,12850.0,130600.0,-129600.0,130100.0,500.0
2024-07-17,12900.0,1018500.0,-741700.0,880100.0,138400.0
2024-07-17,12950.0,898500.0,-47900.0,473200.0,425300.0
2024-07-17,13000.0,449800.0,-37800.0,243800.0,206000.0
2024-07-17,13050.0,346200.0,-346000.0,346100.0,100.0
2024-07-17,13100.0,317100.0,-9500.0,163300.0,153800.0
2024-07-17,13150.0,4000.0,-3200.0,3600.0,400.0
2024-07-17,13200.0,52600.0,38600.0,7000.0,45600.0
2024-07-17,13250.0,9700.0,9700.0,0.0,9700.0
2024-07-18,12500.0,2000.0,-2000.0,2000.0,0.0
2024-07-18,12550.0,37100.0,-32300.0,34700.0,2400.0
2024-07-18,12600.0,838300.0,-335900.0,587100.0,251200.0
2024-07-18,12650.0,1635500.0,-40100.0,837800.0,797700.0
2024-07-18,12700.0,1366400.0,188600.0,588900.0,777500.0
2024-07-18,12750.0,692900.0,454700.0,119100.0,573800.0
2024-07-18,12800.0,463400.0,287600.0,87900.0,375500.0
2024-07-18,12850.0,387600.0,190800.0,98400.0,289200.0
2024-07-18,12900.0,37400.0,37400.0,0.0,37400.0
2024-07-18,12950.0,0.0,0.0,0.0,0.0
2024-07-19,12700.0,5000.0,-5000.0,5000.0,0.0
2024-07-19,12750.0,630100.0,-494500.0,562300.0,67800.0
2024-07-19,12800.0,1885300.0,-759500.0,1322400.0,562900.0
2024-07-19,12850.0,779400.0,-58800.0,419100.0,360300.0
2024-07-19,12900.0,727900.0,-153700.0,440800.0,287100.0
2024-07-19,12950.0,1995400.0,-1093600.0,1544500.0,450900.0
2024-07-19,13000.0,298300.0,171300.0,63500.0,234800.0
2024-07-22,12800.0,19400.0,-19400.0,19400.0,0.0
2024-07-22,12850.0,135100.0,-25700.0,80400.0,54700.0
2024-07-22,12900.0,183400.0,-78000.0,130700.0,52700.0
2024-07-22,12950.0,50800.0,41600.0,4600.0,46200.0
2024-07-22,13000.0,176100.0,3500.0,86300.0,89800.0
2024-07-22,13050.0,207000.0,33600.0,86700.0,120300.0
2024-07-22,13100.0,416800.0,-73000.0,244900.0,171900.0
2024-07-22,13150.0,331000.0,86200.0,122400.0,208600.0
2024-07-22,13200.0,632000.0,-108600.0,370300.0,261700.0
2024-07-22,13250.0,917800.0,-260400.0,589100.0,328700.0
2024-07-22,13300.0,1329500.0,721700.0,303900.0,1025600.0
2024-07-22,13350.0,1353700.0,88300.0,632700.0,721000.0
2024-07-22,13400.0,414000.0,279400.0,67300.0,346700.0
2024-07-22,13450.0,422900.0,210300.0,106300.0,316600.0
2024-07-22,13500.0,156500.0,156500.0,0.0,156500.0
2024-07-23,12750.0,215300.0,-206300.0,210800.0,4500.0
2024-07-23,12800.0,255300.0,-153100.0,204200.0,51100.0
2024-07-23,12850.0,622400.0,-539600.0,581000.0,41400.0
2024-07-23,12900.0,632700.0,-250300.0,441500.0,191200.0
2024-07-23,12950.0,240300.0,-101300.0,170800.0,69500.0
2024-07-23,13000.0,591900.0,-494100.0,543000.0,48900.0
2024-07-23,13050.0,1018500.0,-313700.0,666100.0,352400.0
2024-07-23,13100.0,187300.0,-15900.0,101600.0,85700.0
2024-07-23,13150.0,101100.0,-98100.0,99600.0,1500.0
2024-07-23,13200.0,28600.0,-15600.0,22100.0,6500.0
2024-07-23,13250.0,27700.0,7700.0,10000.0,17700.0
2024-07-23,13300.0,71900.0,-61300.0,66600.0,5300.0
2024-07-23,13350.0,44900.0,27700.0,8600.0,36300.0
2024-07-24,12600.0,216900.0,-136100.0,176500.0,40400.0
2024-07-24,12650.0,105100.0,-53300.0,79200.0,25900.0
2024-07-24,12700.0,149500.0,-57300.0,103400.0,46100.0
2024-07-24,12750.0,251300.0,-119900.0,185600.0,65700.0
2024-07-24,12800.0,643000.0,-117200.0,380100.0,262900.0
2024-07-24,12850.0,580700.0,-76700.0,328700.0,252000.0
2024-07-24,12900.0,465200.0,232200.0,116500.0,348700.0
2024-07-24,12950.0,230800.0,109800.0,60500.0,170300.0
2024-07-24,13000.0,188400.0,141000.0,23700.0,164700.0
2024-07-24,13050.0,65100.0,2900.0,31100.0,34000.0
2024-07-24,13100.0,39600.0,39600.0,0.0,39600.0
2024-07-25,12750.0,100.0,-100.0,100.0,0.0
2024-07-25,12800.0,81000.0,-36000.0,58500.0,22500.0
2024-07-25,12850.0,27300.0,12700.0,7300.0,20000.0
2024-07-25,12900.0,26300.0,-1700.0,14000.0,12300.0
2024-07-25,12950.0,472800.0,-77600.0,275200.0,197600.0
2024-07-25,13000.0,209600.0,16000.0,96800.0,112800.0
2024-07-25,13050.0,375100.0,-242700.0,308900.0,66200.0
2024-07-25,13100.0,516500.0,21500.0,247500.0,269000.0
2024-07-25,13150.0,324000.0,101400.0,111300.0,212700.0
2024-07-25,13200.0,149100.0,46700.0,51200.0,97900.0
2024-07-25,13250.0,66400.0,25400.0,20500.0,45900.0
2024-07-25,13300.0,120600.0,9800.0,55400.0,65200.0
2024-07-25,13350.0,70600.0,70600.0,0.0,70600.0
2024-07-26,13050.0,131300.0,-131300.0,131300.0,0.0
2024-07-26,13100.0,619700.0,-202100.0,410900.0,208800.0
2024-07-26,13150.0,449800.0,-4400.0,227100.0,222700.0
2024-07-26,13200.0,171500.0,36700.0,67400.0,104100.0
2024-07-26,13250.0,106000.0,101400.0,2300.0,103700.0
2024-07-26,13300.0,21700.0,21700.0,0.0,21700.0
2024-07-29,12950.0,11400.0,-11400.0,11400.0,0.0
2024-07-29,13000.0,494600.0,-440000.0,467300.0,27300.0
2024-07-29,13050.0,668300.0,-74100.0,371200.0,297100.0
2024-07-29,13100.0,696600.0,-106000.0,401300.0,295300.0
2024-07-29,13150.0,255600.0,-68000.0,161800.0,93800.0
2024-07-29,13200.0,479500.0,-29500.0,254500.0,225000.0
2024-07-29,13250.0,56100.0,56100.0,0.0,56100.0
2024-07-29,13300.0,2500.0,2500.0,0.0,2500.0
2024-07-30,12800.0,59700.0,-59700.0,59700.0,0.0
2024-07-30,12850.0,52900.0,-42900.0,47900.0,5000.0
2024-07-30,12900.0,126400.0,-63600.0,95000.0,31400.0
2024-07-30,12950.0,297300.0,-95900.0,196600.0,100700.0
2024-07-30,13000.0,419400.0,-103400.0,261400.0,158000.0
2024-07-30,13050.0,567000.0,-405600.0,486300.0,80700.0
2024-07-30,13100.0,697000.0,-149600.0,423300.0,273700.0
2024-07-30,13150.0,65400.0,53600.0,5900.0,59500.0
2024-07-31,12900.0,42100.0,-42100.0,42100.0,0.0
2024-07-31,12950.0,375800.0,-130800.0,253300.0,122500.0
2024-07-31,13000.0,743400.0,-369400.0,556400.0,187000.0
2024-07-31,13050.0,604400.0,-218400.0,411400.0,193000.0
2024-07-31,13100.0,685600.0,178200.0,253700.0,431900.0
2024-07-31,13150.0,2300.0,2300.0,0.0,2300.0
2024-08-01,12450.0,34100.0,-34100.0,34100.0,0.0
2024-08-01,12500.0,299300.0,-115500.0,207400.0,91900.0
2024-08-01,12550.0,164200.0,-89400.0,126800.0,37400.0
2024-08-01,12600.0,323400.0,-254200.0,288800.0,34600.0
2024-08-01,12650.0,1784900.0,-1553900.0,1669400.0,115500.0
2024-08-01,12700.0,3339300.0,-2904700.0,3122000.0,217300.0
2024-08-01,12750.0,1283400.0,-983800.0,1133600.0,149800.0
2024-08-01,12800.0,1344100.0,-1035700.0,1189900.0,154200.0
2024-08-01,12850.0,779700.0,-6100.0,392900.0,386800.0
2024-08-01,12900.0,186000.0,17800.0,84100.0,101900.0
2024-08-01,12950.0,178500.0,57900.0,60300.0,118200.0
2024-08-02,12350.0,18200.0,-18200.0,18200.0,0.0
2024-08-02,12400.0,94600.0,-45600.0,70100.0,24500.0
2024-08-02,12450.0,25100.0,12700.0,6200.0,18900.0
2024-08-02,12500.0,8400.0,7400.0,500.0,7900.0
2024-08-02,12550.0,168300.0,-156100.0,162200.0,6100.0
2024-08-02,12600.0,514300.0,44500.0,234900.0,279400.0
2024-08-02,12650.0,483700.0,-77300.0,280500.0,203200.0
2024-08-02,12700.0,290500.0,220300.0,35100.0,255400.0
2024-08-02,12750.0,306100.0,77700.0,114200.0,191900.0
2024-08-02,12800.0,278500.0,169100.0,54700.0,223800.0
2024-08-02,12850.0,82600.0,82600.0,0.0,82600.0
2024-08-05,12000.0,12100.0,-12100.0,12100.0,0.0
2024-08-05,12050.0,76500.0,-73500.0,75000.0,1500.0
2024-08-05,12100.0,21500.0,-20100.0,20800.0,700.0
2024-08-05,12150.0,24600.0,-20000.0,22300.0,2300.0
2024-08-05,12200.0,23900.0,-8500.0,16200.0,7700.0
2024-08-05,12250.0,10000.0,400.0,4800.0,5200.0
2024-08-05,12300.0,293600.0,-53600.0,173600.0,120000.0
2024-08-05,12350.0,141500.0,-106700.0,124100.0,17400.0
2024-08-05,12400.0,613000.0,-613000.0,613000.0,0.0
2024-08-05,12450.0,905200.0,-312200.0,608700.0,296500.0
2024-08-05,12500.0,2864900.0,-814100.0,1839500.0,1025400.0
2024-08-05,12550.0,166000.0,-49000.0,107500.0,58500.0
2024-08-05,12600.0,343600.0,-268800.0,306200.0,37400.0
2024-08-05,12650.0,302900.0,-60300.0,181600.0,121300.0
2024-08-05,12700.0,82500.0,-20500.0,51500.0,31000.0
2024-08-05,12750.0,20200.0,20200.0,0.0,20200.0
2024-08-06,12300.0,500.0,-500.0,500.0,0.0
2024-08-06,12350.0,117700.0,-24300.0,71000.0,46700.0
2024-08-06,12400.0,206400.0,70800.0,67800.0,138600.0
2024-08-06,12450.0,496300.0,-186100.0,341200.0,155100.0
2024-08-06,12500.0,1338000.0,-852400.0,1095200.0,242800.0
2024-08-06,12550.0,595100.0,2900.0,296100.0,299000.0
2024-08-06,12600.0,453100.0,-96100.0,274600.0,178500.0
2024-08-06,12650.0,467400.0,128000.0,169700.0,297700.0
2024-08-06,12700.0,341600.0,341600.0,0.0,341600.0
2024-08-07,12500.0,202900.0,-196700.0,199800.0,3100.0
2024-08-07,12550.0,165400.0,-13200.0,89300.0,76100.0
2024-08-07,12600.0,156600.0,-47200.0,101900.0,54700.0
2024-08-07,12650.0,92500.0,3700.0,44400.0,48100.0
2024-08-07,12700.0,195000.0,-11400.0,103200.0,91800.0
2024-08-07,12750.0,148600.0,62800.0,42900.0,105700.0
2024-08-07,12800.0,130900.0,121300.0,4800.0,126100.0
2024-08-07,12850.0,400.0,400.0,0.0,400.0
2024-08-08,12550.0,1500.0,-1500.0,1500.0,0.0
2024-08-08,12600.0,212200.0,-158200.0,185200.0,27000.0
2024-08-08,12650.0,166100.0,-97700.0,131900.0,34200.0
2024-08-08,12700.0,210100.0,-57300.0,133700.0,76400.0
2024-08-08,12750.0,49700.0,-1500.0,25600.0,24100.0
2024-08-08,12800.0,251400.0,-19600.0,135500.0,115900.0
2024-08-08,12850.0,232400.0,225200.0,3600.0,228800.0
2024-08-09,12650.0,184300.0,-123700.0,154000.0,30300.0
2024-08-09,12700.0,465900.0,-122900.0,294400.0,171500.0
2024-08-09,12750.0,397100.0,-111500.0,254300.0,142800.0
2024-08-09,12800.0,842500.0,374100.0,234200.0,608300.0
2024-08-09,12850.0,284600.0,198200.0,43200.0,241400.0
2024-08-09,12900.0,200.0,200.0,0.0,200.0
2024-08-12,12650.0,24800.0,-24800.0,24800.0,0.0
2024-08-12,12700.0,215300.0,-177900.0,196600.0,18700.0
2024-08-12,12750.0,356900.0,57900.0,149500.0,207400.0
2024-08-12,12800.0,719500.0,-62300.0,390900.0,328600.0
2024-08-12,12850.0,4500.0,4500.0,0.0,4500.0
